demo_id,filename,event,date,team1,team2,map_name,status,notes
blast-tv-austin-major-2025__final__vitality-vs-the-mongolz-m1-mirage,blast-tv-austin-major-2025__final__vitality-vs-the-mongolz-m1-mirage.dem,blast tv austin major 2025 | final,,vitality,the mongolz,mirage,featured,18 rounds
blast-tv-austin-major-2025__final__vitality-vs-the-mongolz-m2-dust2,blast-tv-austin-major-2025__final__vitality-vs-the-mongolz-m2-dust2.dem,blast tv austin major 2025 | final,,vitality,the mongolz,dust2,featured,17 rounds
blast-tv-austin-major-2025__final__vitality-vs-the-mongolz-m3-inferno,blast-tv-austin-major-2025__final__vitality-vs-the-mongolz-m3-inferno.dem,blast tv austin major 2025 | final,,vitality,the mongolz,inferno,featured,19 rounds
blast-tv-austin-major-2025__quarter-final-with-mongoiz__faze-vs-the-mongolz-m1-mirage,blast-tv-austin-major-2025__quarter-final-with-mongoiz__faze-vs-the-mongolz-m1-mirage.dem,blast tv austin major 2025 | quarter final with mongoiz,,faze,the mongolz,mirage,featured,22 rounds
blast-tv-austin-major-2025__quarter-final-with-mongoiz__faze-vs-the-mongolz-m2-anubis,blast-tv-austin-major-2025__quarter-final-with-mongoiz__faze-vs-the-mongolz-m2-anubis.dem,blast tv austin major 2025 | quarter final with mongoiz,,faze,the mongolz,anubis,featured,24 rounds
blast-tv-austin-major-2025__semi-final-1__pain-vs-the-mongolz-m1-mirage,blast-tv-austin-major-2025__semi-final-1__pain-vs-the-mongolz-m1-mirage.dem,blast tv austin major 2025 | semi final 1,,pain,the mongolz,mirage,featured,18 rounds
blast-tv-austin-major-2025__semi-final-1__pain-vs-the-mongolz-m2-anubis,blast-tv-austin-major-2025__semi-final-1__pain-vs-the-mongolz-m2-anubis.dem,blast tv austin major 2025 | semi final 1,,pain,the mongolz,anubis,featured,18 rounds
blast-tv-austin-major-2025__semi-final-2__mouz-vs-vitality-m1-mirage,blast-tv-austin-major-2025__semi-final-2__mouz-vs-vitality-m1-mirage.dem,blast tv austin major 2025 | semi final 2,,mouz,vitality,mirage,featured,21 rounds
blast-tv-austin-major-2025__semi-final-2__mouz-vs-vitality-m2-inferno,blast-tv-austin-major-2025__semi-final-2__mouz-vs-vitality-m2-inferno.dem,blast tv austin major 2025 | semi final 2,,mouz,vitality,inferno,featured,17 rounds
blast-tv-austin-major-2025__semi-final-2__mouz-vs-vitality-m3-train,blast-tv-austin-major-2025__semi-final-2__mouz-vs-vitality-m3-train.dem,blast tv austin major 2025 | semi final 2,,mouz,vitality,train,featured,19 rounds
esl-pro-league-s20-2024__final__eternal-fire-vs-natus-vincere-m1-nuke,esl-pro-league-s20-2024__final__eternal-fire-vs-natus-vincere-m1-nuke.dem,esl pro league s20 2024 | final,,eternal fire,natus vincere,nuke,featured,21 rounds
esl-pro-league-s20-2024__final__eternal-fire-vs-natus-vincere-m2-anubis,esl-pro-league-s20-2024__final__eternal-fire-vs-natus-vincere-m2-anubis.dem,esl pro league s20 2024 | final,,eternal fire,natus vincere,anubis,featured,24 rounds
esl-pro-league-s20-2024__final__eternal-fire-vs-natus-vincere-m3-ancient,esl-pro-league-s20-2024__final__eternal-fire-vs-natus-vincere-m3-ancient.dem,esl pro league s20 2024 | final,,eternal fire,natus vincere,ancient,featured,24 rounds
esl-pro-league-s20-2024__final__eternal-fire-vs-natus-vincere-m4-inferno,esl-pro-league-s20-2024__final__eternal-fire-vs-natus-vincere-m4-inferno.dem,esl pro league s20 2024 | final,,eternal fire,natus vincere,inferno,featured,17 rounds
esl-pro-league-s20-2024__final__eternal-fire-vs-natus-vincere-m5-dust2,esl-pro-league-s20-2024__final__eternal-fire-vs-natus-vincere-m5-dust2.dem,esl pro league s20 2024 | final,,eternal fire,natus vincere,dust2,featured,23 rounds
esl-pro-league-s20-2024__semi-final__natus-vincere-vs-g2-m1-inferno,esl-pro-league-s20-2024__semi-final__natus-vincere-vs-g2-m1-inferno.dem,esl pro league s20 2024 | semi final,,natus vincere,g2,inferno,featured,21 rounds
esl-pro-league-s20-2024__semi-final__natus-vincere-vs-g2-m2-nuke,esl-pro-league-s20-2024__semi-final__natus-vincere-vs-g2-m2-nuke.dem,esl pro league s20 2024 | semi final,,natus vincere,g2,nuke,featured,24 rounds
esl-pro-league-s20-2024__semi-final__natus-vincere-vs-g2-m3-ancient,esl-pro-league-s20-2024__semi-final__natus-vincere-vs-g2-m3-ancient.dem,esl pro league s20 2024 | semi final,,natus vincere,g2,ancient,featured,19 rounds
esl-pro-league-s21-2025__final__mouz-vs-vitality-m1-dust2,esl-pro-league-s21-2025__final__mouz-vs-vitality-m1-dust2.dem,esl pro league s21 2025 | final,,mouz,vitality,dust2,featured,22 rounds
esl-pro-league-s21-2025__final__mouz-vs-vitality-m2-nuke,esl-pro-league-s21-2025__final__mouz-vs-vitality-m2-nuke.dem,esl pro league s21 2025 | final,,mouz,vitality,nuke,featured,17 rounds
esl-pro-league-s21-2025__final__mouz-vs-vitality-m3-inferno,esl-pro-league-s21-2025__final__mouz-vs-vitality-m3-inferno.dem,esl pro league s21 2025 | final,,mouz,vitality,inferno,featured,18 rounds
esl-pro-league-s21-2025__semi-final__vitality-vs-the-mongolz-m1-anubis,esl-pro-league-s21-2025__semi-final__vitality-vs-the-mongolz-m1-anubis.dem,esl pro league s21 2025 | semi final,,vitality,the mongolz,anubis,featured,17 rounds
esl-pro-league-s21-2025__semi-final__vitality-vs-the-mongolz-m2-nuke,esl-pro-league-s21-2025__semi-final__vitality-vs-the-mongolz-m2-nuke.dem,esl pro league s21 2025 | semi final,,vitality,the mongolz,nuke,featured,30 rounds
esl-pro-league-s21-2025__semi-final__vitality-vs-the-mongolz-m3-inferno,esl-pro-league-s21-2025__semi-final__vitality-vs-the-mongolz-m3-inferno.dem,esl pro league s21 2025 | semi final,,vitality,the mongolz,inferno,featured,15 rounds
iem-chengdu-2025__final__vitality-vs-furia-m1-ancient,iem-chengdu-2025__final__vitality-vs-furia-m1-ancient.dem,iem chengdu 2025 | final,,vitality,furia,ancient,featured,24 rounds
iem-chengdu-2025__final__vitality-vs-furia-m2-inferno,iem-chengdu-2025__final__vitality-vs-furia-m2-inferno.dem,iem chengdu 2025 | final,,vitality,furia,inferno,featured,23 rounds
iem-chengdu-2025__final__vitality-vs-furia-m3-overpass,iem-chengdu-2025__final__vitality-vs-furia-m3-overpass.dem,iem chengdu 2025 | final,,vitality,furia,overpass,featured,24 rounds
iem-cologne-2024__final__vitality-vs-natus-vincere-m1-nuke,iem-cologne-2024__final__vitality-vs-natus-vincere-m1-nuke.dem,iem cologne 2024 | final,,vitality,natus vincere,nuke,featured,30 rounds
iem-cologne-2024__final__vitality-vs-natus-vincere-m2-dust2,iem-cologne-2024__final__vitality-vs-natus-vincere-m2-dust2.dem,iem cologne 2024 | final,,vitality,natus vincere,dust2,featured,23 rounds
iem-cologne-2024__final__vitality-vs-natus-vincere-m3-mirage,iem-cologne-2024__final__vitality-vs-natus-vincere-m3-mirage.dem,iem cologne 2024 | final,,vitality,natus vincere,mirage,featured,42 rounds
iem-cologne-2024__final__vitality-vs-natus-vincere-m4-inferno,iem-cologne-2024__final__vitality-vs-natus-vincere-m4-inferno.dem,iem cologne 2024 | final,,vitality,natus vincere,inferno,featured,22 rounds
iem-cologne-2024__semi-final-1__natus-vincere-vs-mouz-m1-inferno,iem-cologne-2024__semi-final-1__natus-vincere-vs-mouz-m1-inferno.dem,iem cologne 2024 | semi final 1,,natus vincere,mouz,inferno,featured,30 rounds
iem-cologne-2024__semi-final-1__natus-vincere-vs-mouz-m2-mirage,iem-cologne-2024__semi-final-1__natus-vincere-vs-mouz-m2-mirage.dem,iem cologne 2024 | semi final 1,,natus vincere,mouz,mirage,featured,24 rounds
iem-cologne-2024__semi-final-2__vitality-vs-saw-m1-nuke,iem-cologne-2024__semi-final-2__vitality-vs-saw-m1-nuke.dem,iem cologne 2024 | semi final 2,,vitality,saw,nuke,featured,19 rounds
iem-cologne-2024__semi-final-2__vitality-vs-saw-m2-dust2,iem-cologne-2024__semi-final-2__vitality-vs-saw-m2-dust2.dem,iem cologne 2024 | semi final 2,,vitality,saw,dust2,featured,18 rounds
iem-cologne-2025__final__spirit-vs-mouz-m1-mirage,iem-cologne-2025__final__spirit-vs-mouz-m1-mirage.dem,iem cologne 2025 | final,,spirit,mouz,mirage,featured,20 rounds
iem-cologne-2025__final__spirit-vs-mouz-m3-nuke,iem-cologne-2025__final__spirit-vs-mouz-m3-nuke.dem,iem cologne 2025 | final,,spirit,mouz,nuke,featured,19 rounds
iem-cologne-2025__semi-final__vitality-vs-mouz-m2-train,iem-cologne-2025__semi-final__vitality-vs-mouz-m2-train.dem,iem cologne 2025 | semi final,,vitality,mouz,train,featured,21 rounds
iem-katowice-2025__final__vitality-vs-spirit-m1-dust2,iem-katowice-2025__final__vitality-vs-spirit-m1-dust2.dem,iem katowice 2025 | final,,vitality,spirit,dust2,featured,19 rounds
iem-katowice-2025__final__vitality-vs-spirit-m2-nuke,iem-katowice-2025__final__vitality-vs-spirit-m2-nuke.dem,iem katowice 2025 | final,,vitality,spirit,nuke,featured,18 rounds
iem-katowice-2025__final__vitality-vs-spirit-m3-mirage,iem-katowice-2025__final__vitality-vs-spirit-m3-mirage.dem,iem katowice 2025 | final,,vitality,spirit,mirage,featured,24 rounds
iem-katowice-2025__play-in__big-vs-heroic-m1-nuke,iem-katowice-2025__play-in__big-vs-heroic-m1-nuke.dem,iem katowice 2025 | play in,,big,heroic,nuke,featured,15 rounds
iem-katowice-2025__play-in__big-vs-heroic-m2-ancient,iem-katowice-2025__play-in__big-vs-heroic-m2-ancient.dem,iem katowice 2025 | play in,,big,heroic,ancient,featured,17 rounds
iem-katowice-2025__semi-final__natus-vincere-vs-spirit-m1-mirage,iem-katowice-2025__semi-final__natus-vincere-vs-spirit-m1-mirage.dem,iem katowice 2025 | semi final,,natus vincere,spirit,mirage,featured,21 rounds
iem-katowice-2025__semi-final__natus-vincere-vs-spirit-m2-dust2,iem-katowice-2025__semi-final__natus-vincere-vs-spirit-m2-dust2.dem,iem katowice 2025 | semi final,,natus vincere,spirit,dust2,featured,30 rounds
perfect-world-shanghai-major-2024__final__spirit-vs-faze-m1-nuke,perfect-world-shanghai-major-2024__final__spirit-vs-faze-m1-nuke.dem,perfect world shanghai major 2024 | final,,spirit,faze,nuke,featured,21 rounds
perfect-world-shanghai-major-2024__final__spirit-vs-faze-m2-ancient,perfect-world-shanghai-major-2024__final__spirit-vs-faze-m2-ancient.dem,perfect world shanghai major 2024 | final,,spirit,faze,ancient,featured,19 rounds
perfect-world-shanghai-major-2024__final__spirit-vs-faze-m3-dust2,perfect-world-shanghai-major-2024__final__spirit-vs-faze-m3-dust2.dem,perfect world shanghai major 2024 | final,,spirit,faze,dust2,featured,24 rounds
perfect-world-shanghai-major-2024__quarter-final-with-mongoiz__the-mongolz-vs-mouz-m1-ancient,perfect-world-shanghai-major-2024__quarter-final-with-mongoiz__the-mongolz-vs-mouz-m1-ancient.dem,perfect world shanghai major 2024 | quarter final with mongoiz,,the mongolz,mouz,ancient,featured,30 rounds
perfect-world-shanghai-major-2024__quarter-final-with-mongoiz__the-mongolz-vs-mouz-m2-nuke,perfect-world-shanghai-major-2024__quarter-final-with-mongoiz__the-mongolz-vs-mouz-m2-nuke.dem,perfect world shanghai major 2024 | quarter final with mongoiz,,the mongolz,mouz,nuke,featured,22 rounds
perfect-world-shanghai-major-2024__semi-final-1__g2-vs-faze-m1-ancient,perfect-world-shanghai-major-2024__semi-final-1__g2-vs-faze-m1-ancient.dem,perfect world shanghai major 2024 | semi final 1,,g2,faze,ancient,featured,19 rounds
perfect-world-shanghai-major-2024__semi-final-1__g2-vs-faze-m2-nuke,perfect-world-shanghai-major-2024__semi-final-1__g2-vs-faze-m2-nuke.dem,perfect world shanghai major 2024 | semi final 1,,g2,faze,nuke,featured,30 rounds
perfect-world-shanghai-major-2024__semi-final-2__mouz-vs-spirit-m1-nuke,perfect-world-shanghai-major-2024__semi-final-2__mouz-vs-spirit-m1-nuke.dem,perfect world shanghai major 2024 | semi final 2,,mouz,spirit,nuke,featured,20 rounds
perfect-world-shanghai-major-2024__semi-final-2__mouz-vs-spirit-m2-ancient,perfect-world-shanghai-major-2024__semi-final-2__mouz-vs-spirit-m2-ancient.dem,perfect world shanghai major 2024 | semi final 2,,mouz,spirit,ancient,featured,17 rounds
perfect-world-shanghai-major-2024__semi-final-2__mouz-vs-spirit-m3-mirage,perfect-world-shanghai-major-2024__semi-final-2__mouz-vs-spirit-m3-mirage.dem,perfect world shanghai major 2024 | semi final 2,,mouz,spirit,mirage,featured,20 rounds
pgl-major-copenhagen-2024__final__faze-vs-natus-vincere-m1-ancient,pgl-major-copenhagen-2024__final__faze-vs-natus-vincere-m1-ancient.dem,pgl major copenhagen 2024 | final,,faze,natus vincere,ancient,featured,22 rounds
pgl-major-copenhagen-2024__final__faze-vs-natus-vincere-m2-mirage,pgl-major-copenhagen-2024__final__faze-vs-natus-vincere-m2-mirage.dem,pgl major copenhagen 2024 | final,,faze,natus vincere,mirage,featured,15 rounds
pgl-major-copenhagen-2024__final__faze-vs-natus-vincere-m3-inferno,pgl-major-copenhagen-2024__final__faze-vs-natus-vincere-m3-inferno.dem,pgl major copenhagen 2024 | final,,faze,natus vincere,inferno,featured,16 rounds
pgl-major-copenhagen-2024__play-offs-with-spirit__spirit-vs-faze-m1-mirage,pgl-major-copenhagen-2024__play-offs-with-spirit__spirit-vs-faze-m1-mirage.dem,pgl major copenhagen 2024 | play offs with spirit,,spirit,faze,mirage,featured,20 rounds
pgl-major-copenhagen-2024__play-offs-with-spirit__spirit-vs-faze-m2-nuke,pgl-major-copenhagen-2024__play-offs-with-spirit__spirit-vs-faze-m2-nuke.dem,pgl major copenhagen 2024 | play offs with spirit,,spirit,faze,nuke,featured,35 rounds
pgl-major-copenhagen-2024__play-offs-with-spirit__spirit-vs-faze-m3-vertigo,pgl-major-copenhagen-2024__play-offs-with-spirit__spirit-vs-faze-m3-vertigo.dem,pgl major copenhagen 2024 | play offs with spirit,,spirit,faze,vertigo,featured,30 rounds
pgl-major-copenhagen-2024__semi-final-1__natus-vincere-vs-g2-m1-anubis,pgl-major-copenhagen-2024__semi-final-1__natus-vincere-vs-g2-m1-anubis.dem,pgl major copenhagen 2024 | semi final 1,,natus vincere,g2,anubis,featured,29 rounds
pgl-major-copenhagen-2024__semi-final-1__natus-vincere-vs-g2-m2-nuke,pgl-major-copenhagen-2024__semi-final-1__natus-vincere-vs-g2-m2-nuke.dem,pgl major copenhagen 2024 | semi final 1,,natus vincere,g2,nuke,featured,20 rounds
pgl-major-copenhagen-2024__semi-final-1__natus-vincere-vs-g2-m3-ancient,pgl-major-copenhagen-2024__semi-final-1__natus-vincere-vs-g2-m3-ancient.dem,pgl major copenhagen 2024 | semi final 1,,natus vincere,g2,ancient,featured,24 rounds
pgl-major-copenhagen-2024__semi-final-2__vitality-vs-faze-m1-nuke,pgl-major-copenhagen-2024__semi-final-2__vitality-vs-faze-m1-nuke.dem,pgl major copenhagen 2024 | semi final 2,,vitality,faze,nuke,featured,20 rounds
pgl-major-copenhagen-2024__semi-final-2__vitality-vs-faze-m2-vertigo,pgl-major-copenhagen-2024__semi-final-2__vitality-vs-faze-m2-vertigo.dem,pgl major copenhagen 2024 | semi final 2,,vitality,faze,vertigo,featured,18 rounds
pgl-major-copenhagen-2024__semi-final-2__vitality-vs-faze-m3-inferno,pgl-major-copenhagen-2024__semi-final-2__vitality-vs-faze-m3-inferno.dem,pgl major copenhagen 2024 | semi final 2,,vitality,faze,inferno,featured,21 rounds
starladder-budapest-major-2025__final__vitality-vs-faze-m1-nuke,starladder-budapest-major-2025__final__vitality-vs-faze-m1-nuke.dem,starladder budapest major 2025 | final,,vitality,faze,nuke,featured,19 rounds
starladder-budapest-major-2025__final__vitality-vs-faze-m2-dust2,starladder-budapest-major-2025__final__vitality-vs-faze-m2-dust2.dem,starladder budapest major 2025 | final,,vitality,faze,dust2,featured,16 rounds
starladder-budapest-major-2025__final__vitality-vs-faze-m3-inferno,starladder-budapest-major-2025__final__vitality-vs-faze-m3-inferno.dem,starladder budapest major 2025 | final,,vitality,faze,inferno,featured,22 rounds
starladder-budapest-major-2025__final__vitality-vs-faze-m4-overpass,starladder-budapest-major-2025__final__vitality-vs-faze-m4-overpass.dem,starladder budapest major 2025 | final,,vitality,faze,overpass,featured,15 rounds
starladder-budapest-major-2025__semi-final-1__faze-vs-natus-vincere-m1-ancient,starladder-budapest-major-2025__semi-final-1__faze-vs-natus-vincere-m1-ancient.dem,starladder budapest major 2025 | semi final 1,,faze,natus vincere,ancient,featured,18 rounds
starladder-budapest-major-2025__semi-final-1__faze-vs-natus-vincere-m2-nuke,starladder-budapest-major-2025__semi-final-1__faze-vs-natus-vincere-m2-nuke.dem,starladder budapest major 2025 | semi final 1,,faze,natus vincere,nuke,featured,24 rounds
starladder-budapest-major-2025__semi-final-1__faze-vs-natus-vincere-m3-inferno,starladder-budapest-major-2025__semi-final-1__faze-vs-natus-vincere-m3-inferno.dem,starladder budapest major 2025 | semi final 1,,faze,natus vincere,inferno,featured,21 rounds
starladder-budapest-major-2025__semi-final-2__spirit-vs-vitality-m1-mirage,starladder-budapest-major-2025__semi-final-2__spirit-vs-vitality-m1-mirage.dem,starladder budapest major 2025 | semi final 2,,spirit,vitality,mirage,featured,36 rounds
starladder-budapest-major-2025__semi-final-2__spirit-vs-vitality-m2-dust2,starladder-budapest-major-2025__semi-final-2__spirit-vs-vitality-m2-dust2.dem,starladder budapest major 2025 | semi final 2,,spirit,vitality,dust2,featured,21 rounds
